{"pitch": [-4.339851073313476, 11.819422914418967, 197.24371497744434, 46.4325198947299], "energy": [-1.7447059154510498, 8.185644149780273, 16.708563794515534, 10.48442000464512]}